<?xml version="1.0" encoding="UTF-8" ?>
<!DOCTYPE ViewLink SYSTEM "jbo_03_01.dtd">
<!---->
<ViewLink
  xmlns="http://xmlns.oracle.com/bc4j"
  Name="EmpManagerFkLink1"
  Version="11.1.1.64.93"
  InheritPersonalization="true">
  <DesignTime>
    <Attr Name="_isCodegen" Value="true"/>
  </DesignTime>
  <ViewLinkDefEnd
    Name="EmployeesReadOnlyVO"
    Cardinality="1"
    Owner="cn.dengdezhao.model.EmployeesReadOnlyVO"
    Source="true">
    <DesignTime>
      <Attr Name="_finderName" Value="EmployeesReadOnlyVO"/>
      <Attr Name="_isUpdateable" Value="true"/>
    </DesignTime>
    <AttrArray Name="Attributes">
      <Item Value="cn.dengdezhao.model.EmployeesReadOnlyVO.EmployeeId"/>
    </AttrArray>
  </ViewLinkDefEnd>
  <ViewLinkDefEnd
    Name="ManagerIdEmployeesReadOnlyVO"
    Cardinality="-1"
    Owner="cn.dengdezhao.model.EmployeesReadOnlyVO">
    <DesignTime>
      <Attr Name="_finderName" Value="ManagerIdEmployeesReadOnlyVO"/>
      <Attr Name="_isUpdateable" Value="true"/>
    </DesignTime>
    <AttrArray Name="Attributes">
      <Item Value="cn.dengdezhao.model.EmployeesReadOnlyVO.ManagerId"/>
    </AttrArray>
  </ViewLinkDefEnd>
</ViewLink>
