<?xml version="1.0" encoding="UTF-8" ?>
<!DOCTYPE ViewLink SYSTEM "jbo_03_01.dtd">
<!---->
<ViewLink
  xmlns="http://xmlns.oracle.com/bc4j"
  Name="EmpManagerFkLink"
  Version="11.1.1.64.93"
  InheritPersonalization="true"
  EntityAssociation="cn.dengdezhao.model.EmpManagerFkAssoc">
  <DesignTime>
    <Attr Name="_isCodegen" Value="true"/>
  </DesignTime>
  <ViewLinkDefEnd
    Name="ManagerIdEmployeesUpdatableVO"
    Cardinality="1"
    Owner="cn.dengdezhao.model.EmployeesUpdatableVO"
    Source="true">
    <DesignTime>
      <Attr Name="_finderName" Value="ManagerIdEmployeesUpdatableVO"/>
      <Attr Name="_isUpdateable" Value="true"/>
    </DesignTime>
    <AttrArray Name="Attributes">
      <Item Value="cn.dengdezhao.model.EmployeesUpdatableVO.EmployeeId"/>
    </AttrArray>
  </ViewLinkDefEnd>
  <ViewLinkDefEnd
    Name="EmployeesUpdatableVO"
    Cardinality="-1"
    Owner="cn.dengdezhao.model.EmployeesUpdatableVO">
    <DesignTime>
      <Attr Name="_finderName" Value="EmployeesUpdatableVO"/>
      <Attr Name="_isUpdateable" Value="true"/>
    </DesignTime>
    <AttrArray Name="Attributes">
      <Item Value="cn.dengdezhao.model.EmployeesUpdatableVO.ManagerId"/>
    </AttrArray>
  </ViewLinkDefEnd>
</ViewLink>
