<?xml version="1.0" encoding="UTF-8" ?>
<!DOCTYPE Association SYSTEM "jbo_03_01.dtd">
<!---->
<Association
  xmlns="http://xmlns.oracle.com/bc4j"
  Name="EmpManagerFkAssoc"
  Version="11.1.1.64.93"
  InheritPersonalization="true">
  <DesignTime>
    <Attr Name="_isCodegen" Value="true"/>
  </DesignTime>
  <AssociationEnd
    Name="ManagerIdEmployeesEO"
    Cardinality="1"
    Source="true"
    Owner="cn.dengdezhao.model.EmployeesEO">
    <DesignTime>
      <Attr Name="_aggregation" Value="0"/>
      <Attr Name="_finderName" Value="ManagerIdEmployeesEO"/>
      <Attr Name="_foreignKey"
        Value="cn.dengdezhao.model.EmployeesEO.EmpEmpIdPk"/>
      <Attr Name="_isUpdateable" Value="true"/>
    </DesignTime>
    <AttrArray Name="Attributes">
      <Item Value="cn.dengdezhao.model.EmployeesEO.EmployeeId"/>
    </AttrArray>
  </AssociationEnd>
  <AssociationEnd
    Name="EmployeesEO"
    Cardinality="-1"
    Owner="cn.dengdezhao.model.EmployeesEO">
    <DesignTime>
      <Attr Name="_aggregation" Value="0"/>
      <Attr Name="_finderName" Value="EmployeesEO"/>
      <Attr Name="_foreignKey"
        Value="cn.dengdezhao.model.EmployeesEO.EmpManagerFk"/>
      <Attr Name="_isUpdateable" Value="true"/>
    </DesignTime>
    <AttrArray Name="Attributes">
      <Item Value="cn.dengdezhao.model.EmployeesEO.ManagerId"/>
    </AttrArray>
  </AssociationEnd>
</Association>
