<?xml version="1.0" encoding="UTF-8" ?>
<!DOCTYPE AppModule SYSTEM "jbo_03_01.dtd">
<!---->
<AppModule
  xmlns="http://xmlns.oracle.com/bc4j"
  Name="HrAM"
  Version="11.1.1.64.93"
  InheritPersonalization="true"
  ComponentClass="cn.dengdezhao.model.HrAMImpl"
  ClearCacheOnRollback="true"
  ComponentInterface="cn.dengdezhao.model.common.HrAM"
  ClientProxyName="cn.dengdezhao.model.client.HrAMClient">
  <DesignTime>
    <Attr Name="_deployType" Value="0"/>
    <Attr Name="_isCodegen" Value="true"/>
  </DesignTime>
  <Properties>
    <SchemaBasedProperties>
      <LABEL
        ResId="cn.dengdezhao.model.HrAM_LABEL"/>
    </SchemaBasedProperties>
  </Properties>
  <ViewUsage
    Name="EmployeesUpdatableVO1"
    ViewObjectName="cn.dengdezhao.model.EmployeesUpdatableVO"/>
  <ViewUsage
    Name="EmployeesReadOnlyVO1"
    ViewObjectName="cn.dengdezhao.model.EmployeesReadOnlyVO"/>
  <ViewUsage
    Name="EmployeesUpdatableVO2"
    ViewObjectName="cn.dengdezhao.model.EmployeesUpdatableVO"/>
  <ViewUsage
    Name="EmployeesReadOnlyVO2"
    ViewObjectName="cn.dengdezhao.model.EmployeesReadOnlyVO"/>
  <ViewLinkUsage
    Name="EmpManagerFkLink1"
    ViewLinkObjectName="cn.dengdezhao.model.EmpManagerFkLink"
    SrcViewUsageName="cn.dengdezhao.model.HrAM.EmployeesUpdatableVO1"
    DstViewUsageName="cn.dengdezhao.model.HrAM.EmployeesUpdatableVO2"
    Reversed="false"/>
  <ViewLinkUsage
    Name="EmpManagerFkLink1_1"
    ViewLinkObjectName="cn.dengdezhao.model.EmpManagerFkLink1"
    SrcViewUsageName="cn.dengdezhao.model.HrAM.EmployeesReadOnlyVO1"
    DstViewUsageName="cn.dengdezhao.model.HrAM.EmployeesReadOnlyVO2"
    Reversed="false"/>
  <ResourceBundle>
    <PropertiesBundle
      PropertiesFile="cn.dengdezhao.model.ModelBundle"/>
  </ResourceBundle>
  <ClientInterface>
    <Method
      Name="deleteCurrentRow">
      <Return
        Type="void"/>
    </Method>
  </ClientInterface>
</AppModule>
