<?xml version="1.0" encoding="UTF-8" ?>
<adfc-config xmlns="http://xmlns.oracle.com/adf/controller" version="1.2">
  <task-flow-definition id="btf_employee">
    <default-activity id="__1">showEmployee</default-activity>
    <data-control-scope id="__3">
      <isolated/>
    </data-control-scope>
    <view id="showEmployee">
      <page>/showEmployee.jsff</page>
    </view>
    <method-call id="Execute">
      <method>#{bindings.Execute.execute}</method>
      <outcome id="__2">
        <fixed-outcome>Execute</fixed-outcome>
      </outcome>
    </method-call>
    <method-call id="deleteCurrentRow">
      <method>#{bindings.deleteCurrentRow.execute}</method>
      <outcome id="__4">
        <fixed-outcome>deleteCurrentRow</fixed-outcome>
      </outcome>
    </method-call>
    <control-flow-rule id="__5">
      <from-activity-id id="__6">showEmployee</from-activity-id>
      <control-flow-case id="__7">
        <from-outcome id="__9">delete</from-outcome>
        <to-activity-id id="__8">deleteCurrentRow</to-activity-id>
      </control-flow-case>
    </control-flow-rule>
    <control-flow-rule id="__10">
      <from-activity-id id="__11">deleteCurrentRow</from-activity-id>
      <control-flow-case id="__13">
        <from-outcome id="__12">deleteCurrentRow</from-outcome>
        <to-activity-id id="__14">Execute</to-activity-id>
      </control-flow-case>
    </control-flow-rule>
    <use-page-fragments/>
  </task-flow-definition>
</adfc-config>
